Variance,Sim Entropy,Rep Entropy,Lap Score,SPECtrum,Mutual Corre,MICI,MDCM,Linear Depend,MPMR,MCFS,RSPCA,ANOVA F,ReliefF,Info Gain,MRMR,ERFS
17.01004716333728,497.62284479600993,0.4231252992893051,5.332479390609422,1.6351365914513123e-11,7.037639181757619,248.9270663019409,0.10926010644472799,24609.6206166803,299.1989664854583,268.0618098965571,14025.020484456327,1619.5580339261733,0.051253670348844295,1.0327985818697398,277.1937501735034,29.9044712255912
16.5844107652191,490.76817537903077,0.3613357586296715,5.125491085108873,1.582158407838146e-11,9.734307499064489,243.3750979166245,0.01055866821974848,21028.295106959173,305.585490573163,249.04572959172623,14464.278125327297,1129.6322898818232,0.042561339301776024,0.6465347556495231,189.5382469662899,30.75812485765856
17.724063431197106,484.91126064237153,0.4696828046762578,5.557578428295115,2.8409889338623272e-11,5.840234985207081,264.8709680109173,0.3615304136100945,22998.3814557559,300.4106371644619,246.73843561658572,13984.012611183307,1763.538210270996,0.044626784522938605,0.9858965199266432,312.38192761046264,29.00545628338992
17.192617995427735,535.3443439106214,0.38068453335845476,5.236451607476151,1.7625964202941233e-11,9.576876857651548,256.2583490430464,0.05596766720573236,24221.434096417026,299.7878011720076,176.43910839473085,14008.22365052797,1416.0489352560085,0.05481629866131335,0.9097731167451961,240.4976294590781,30.10592957665632
17.153721670210093,574.0818322870588,0.37639956157555243,4.744728018319696,1.5175902051193057e-11,11.436768309154832,254.84467200275583,0.04205389225626277,24149.920061083263,299.01739049650564,150.86639479337296,13926.108948520081,2303.0619259986574,0.05572133778889076,1.3612201139923774,380.0830336533427,29.020446865924775
16.554110401809044,506.8575946933206,0.38129795948961576,5.1574598737381585,3.2924192055708195e-11,7.609915971241456,245.22742009321755,0.03199125435425779,23960.351914863815,299.14399498544486,657.4534884304923,14031.220706170068,2020.6995910728674,0.0766085816082072,1.1282955570769218,345.6735572018277,28.880726923131594
17.476888713944735,567.3562112895534,0.3570120618885726,4.482170224236047,1.5890209852177055e-11,12.289776513651434,266.8166101209079,0.0280306324855811,25527.363915272814,302.2201447224432,312.5817787772702,13679.319717801045,1881.7304530895165,0.06596927891405971,0.9575343940787728,311.76465532086024,29.450174906483586
17.292320148709244,494.21183157559057,0.38133788493810883,4.387396214485538,1.6555821346157244e-11,7.7853000169602815,255.95024554733996,0.07136073308161414,21883.338890684285,298.2365336729782,257.13522871687127,14135.88754554815,1454.5320027288396,0.04641384114728611,0.9812276306358232,251.74583958922273,29.82903828006704
17.616048371753205,531.1391928129495,0.371140373054736,5.396068534374749,1.6244573716946078e-11,9.351793052455946,262.61712091073684,0.04687898491137138,23175.586540616914,297.81277297542596,629.7707417531984,14172.687699781414,1675.5203293390025,0.05490332503850768,1.2780741467058157,290.1682724410915,29.414346777323864
16.984695367702496,526.76032760005,0.3279466935074016,4.517610938423238,2.973635237747129e-11,11.51653230850064,250.53097792878,0.0070262844207121125,23433.806087695986,303.35182878900383,195.1583693037723,14033.692791635973,1444.5381352726451,0.060593390948162455,1.0263480264263267,243.41769477923273,29.966573352850823
16.571474047045584,560.9256075498447,0.40085847181248724,5.206557620093253,1.470105629400511e-11,9.530293116108584,243.99790760604904,0.04500232875227663,26595.601027281755,302.7934377061448,275.51085213080603,13878.624344709468,2412.667449513561,0.07593224350119425,1.2595580194232765,401.4919866239424,28.647745753687655
16.801960738798584,554.5173976745723,0.3676602669971496,5.083325804364708,2.8287091595283227e-11,10.097411505039073,239.88087846588408,0.02251864627090442,23334.81228796788,300.171095884123,632.9446523758093,14146.623114766502,2283.522915818459,0.08588855472888587,1.4717150743982261,381.3296400143131,28.895778919383456
17.756066556848417,539.6965962306759,0.46285861684116725,4.812353361163801,2.897041351687845e-11,8.345017328965278,273.6931006662709,0.31253286195588703,27435.498483662952,301.94886887466436,625.7544410080363,13424.427307022672,1925.1974358852276,0.06165333560707847,1.1280187499330532,329.7670949681766,29.233917483591572
18.66189593446461,528.7686449290821,0.3270025731272561,5.547939527537894,1.523871259637987e-11,10.748558018518073,281.76981805523803,0.0017404955905269332,23717.763981821707,294.8814831189018,246.33998809408465,14075.503028133275,1586.2773440132053,0.048195589382052234,0.9831430409804478,267.5661821734277,29.490178602326996
17.05914817422166,586.6260580825139,0.3637200902748976,5.1286907483767035,1.4726418434510868e-11,11.420095185391242,254.56064449768533,0.03451574738019939,25829.127143476795,297.25906644930666,660.5276341028394,13936.875068368361,2184.789225000775,0.069934887903551,1.2025117985644367,360.7311761379329,29.05875552006394
17.81776199848811,540.1436758274428,0.35232873869976533,4.688943261266424,3.2988770738005755e-11,9.782505382474087,267.37907934149996,0.061082937448853236,26178.156272999153,293.5209458294389,657.8948522202073,13645.852890940952,1702.2448624398958,0.07376349386577741,1.0999339728844686,281.1939326462636,29.90247493470265
18.239290047290556,554.8674725361043,0.3592964774373737,4.927389477766767,1.6392704834424024e-11,9.596776851356687,273.32480247243313,0.10213272463296318,26228.67351114688,293.6552901936063,773.4526076064047,13762.448871882842,2525.129465808971,0.08213577204036451,1.5540859215426146,427.28085959334993,28.100473554687277
17.75635630434823,469.6504873297131,0.4018329285681075,4.813693563044307,1.613353528143206e-11,6.5295595789333625,264.3016155809562,0.0020923955481799844,23294.456324586383,299.8981978470874,226.16170352441097,14039.40581922577,1596.1475418391585,0.052601958172073145,0.9589522022727541,280.649419687123,29.54331763286471
18.417049278760736,533.2273319758762,0.37052766007851545,4.747318057838647,1.5573874490812503e-11,9.43425121918114,278.88120552296544,0.14623357612043159,25229.415681425216,295.1613814278218,668.5557863685672,14009.608182356691,1839.0023856655644,0.06574100503534638,1.2433709936665067,311.87371088515556,29.277315415809543
17.02207015453437,539.1998029564719,0.4097505537049626,4.964169711061775,1.5309504084953647e-11,8.694939928166558,248.63233800232757,0.05635704969090655,25459.951670973063,299.6612992979317,636.4863726245425,13863.339297195173,2172.8800977271194,0.07834649243620416,1.3466648522187066,363.4456272288461,29.187347538491395
17.015155980856647,511.546276032811,0.42319479541329486,5.076589337549777,1.5013644309211737e-11,7.725582881804945,257.43895738116,0.1105535286423405,25522.325438988617,300.33405061769537,260.463845714538,13802.226981574086,1915.2940799014757,0.05143564658981531,0.8376500119439676,325.06956138323403,29.355817238007003
17.726974111210396,514.80244471028,0.3657259536929107,4.638169233076434,1.6449352804487752e-11,9.099633754542731,268.2291965983099,0.0011932665102772696,24920.794047123258,299.6435702632402,320.4675694996607,13669.737217083675,1859.0023981899817,0.06703650342926597,1.0241145659192854,313.9214700960835,29.08785998376001
17.85911240634553,524.5149175066374,0.3221702962023487,4.297232825897897,3.556612482648901e-11,11.387064090278205,272.3955047986393,0.000763020307427187,21713.522493917157,299.2365092221098,244.18328681779053,14097.83983829062,1245.646663054567,0.04754113975068076,0.8841321599995007,210.60975770128252,30.415706769483872
17.379293974362263,506.42115529075306,0.3633604553216765,4.689675983434664,1.7622505557520532e-11,10.109303916896353,263.34761812721206,0.018507472435670417,23371.528433506122,304.04284830302777,177.47191632323012,13998.502479842979,1239.8649684274071,0.04896812797735864,0.8559219178668442,212.4817921764437,30.272372324920195
17.688491657744187,538.7801372681008,0.40355467394931743,5.310537540384427,1.531990772100857e-11,9.875272144589843,264.8015403218445,0.10180760012915184,23395.524136073636,297.83926618346175,267.4348272794683,13955.040419945817,1888.5572905186687,0.061350349631341526,1.1823380087903115,311.07358514715355,29.62653113320537
17.32501738320873,526.459885611977,0.39162985473842227,5.226570883195587,1.1539373288118229e-11,7.940339425908856,252.45310419070984,0.09497429773459329,23779.150756392824,297.57102472701257,632.6027974009207,14294.64326832604,2091.6251057542927,0.06157214403483958,1.238982818575192,360.36245035160664,28.62962670960819
17.29398619488051,587.1739342941771,0.35774283914295424,4.917436856073517,1.4491611721369875e-11,13.695947233310669,263.27621432051876,0.024356128746344803,25039.326259774058,303.0451310354456,628.0122828814657,13900.668880640056,2135.727648743831,0.06360810033390356,1.1304510623073178,346.7340519871327,29.20366795077613
17.576659875370915,514.7836401186366,0.44972294668824375,5.420436873975171,1.559498192431658e-11,6.684355702949524,263.75383821670357,0.26405219036008915,25683.735263796898,299.2840235829495,189.7898808871496,13776.784362527926,1684.8616132500167,0.062083108779460265,0.9798027577496904,296.8294130143638,29.04589873881792
17.719752256529826,555.534133424565,0.37737186895081276,4.64968059905144,1.641059187322739e-11,11.504218538213674,272.6722963566042,0.07258976848202194,24613.683983750932,301.37474873521785,627.6283508800886,13744.414020496537,1708.528970835877,0.061876673354313856,0.9512996311902651,285.67708141797885,29.746204875522498
17.26885435578222,507.5160920377186,0.3627414334975656,5.25972836395263,3.116490127659152e-11,9.963746540047023,254.00306875884576,0.02047693135520291,21944.54479648702,301.20422933185773,625.4423196367247,14106.726440327317,947.5639929181971,0.053701665422646455,0.8806092861244577,159.4534319686307,30.59314795399991
17.10044592165736,529.0060087401549,0.358242829323558,4.929529179994499,1.3409655572279525e-11,11.07366163542658,252.4570929287883,0.024329660028691278,22457.257976258665,300.33654676239485,271.27332185480236,14375.976878424686,1547.2246880800305,0.05627242841692454,1.0814047207241038,252.97391408469556,30.01865150901966
17.251169435546746,536.6531750289158,0.3565761199287758,4.888736091524074,1.476220248797941e-11,9.948444974245229,257.356170076664,0.02682725600997358,23051.847901387962,300.08875168883276,673.3340414208436,14116.797124047276,1648.029872192952,0.05958769535720711,1.0464683502736567,279.6902633745016,29.751191127136345
18.054899686755316,546.0639461906162,0.4475571271946652,5.069854246322524,1.7745885486101928e-11,8.721940085768985,278.5261064056675,0.33827411171635824,26239.472982022697,298.89907515726185,268.94815592751684,13543.780825223983,2320.8394695838697,0.06623553757139862,1.2804684392310894,388.7886909139214,28.621238224185735
17.454066890661366,527.8825327723916,0.40700737474368864,5.770101405460757,1.3566104958523812e-11,8.181152865623908,255.93673598683597,0.10797240662011498,25984.759625977145,299.1758448818098,190.63155610134683,14031.602532420102,1756.9989340721195,0.07151451504226605,1.3190574160695256,298.44231236223123,29.411689302114954
17.6520681196885,567.871527458266,0.2674032453670021,5.077899979594727,1.3933137032456412e-11,15.894190768088844,267.5876519595579,9.511408375339304e-05,22141.206984440334,302.9080525987739,253.74964492976812,14211.476319586885,1566.1818646147447,0.058773136661206114,0.94795136286063,255.75619903391555,29.834557704885597
17.30787055475591,485.82458537021904,0.4574669814632655,5.492306144137709,2.923351819026355e-11,5.841607032326115,258.50850325079006,0.18082168820220035,24262.624678877073,303.52355384896816,201.3660011890374,13972.545414047725,1566.0524845874545,0.057476531013309635,0.9851553251666119,274.80955585483036,29.4869311448305
17.773391666866384,524.3346424227386,0.4098675266447023,5.395840120984085,1.1856109424578945e-11,8.27076439375561,260.1045149601508,0.2202470546222771,24221.000564332222,293.3019281414076,769.5387336444753,14063.023002164406,2390.268536566745,0.060536232788731124,1.4262544710290612,404.25091405122004,28.398682622513654
17.643273407306726,575.3654642642994,0.26941108080053056,5.2715618757703835,1.8426731512581797e-11,16.030522446280344,257.96140583472254,0.00010289631935415931,21729.694824123537,304.36246087505737,175.44383460678176,14368.116573185074,1784.3439120076112,0.052030938486688875,1.2325417021107337,287.51844600412,29.500311645214353
17.214907256138165,530.468368497937,0.36588364751393865,5.272966073375153,1.2953682166173257e-11,9.79566383633509,260.8068148950646,0.035953064637619436,24596.06826879272,299.78398536550236,193.01004485399548,14137.94030911795,2130.782885224399,0.07179010191404991,1.201421692219302,363.1862405337725,28.732751739568947
16.860921717539032,550.997901604198,0.3911618780438504,4.1057457437766685,3.3515473731862873e-11,10.03674415518513,246.99339293266434,0.03695892497365079,23666.196288190302,303.38465827216635,284.8046941833133,13882.093809372262,2544.155128990213,0.0927798966936505,1.4154723618552627,419.98490206776694,28.529740748468527
17.62648144600338,500.6951734034778,0.4137287478697873,4.7599008970169105,1.1985471887814254e-11,7.168992398580182,263.48462566691376,0.18575864402646033,26033.468052374832,295.8033083174673,260.0806903164334,13835.183610105003,1683.2502640349464,0.06417901337556899,1.0943467884189988,291.50928444653533,29.41645880714434
18.236586559512855,535.0218243306306,0.37031770841599876,5.1694081047360285,1.638957722460906e-11,11.351438198464729,271.5841365371236,0.06744072544641477,24445.325657421297,297.1578469408003,179.18408529688733,13974.656687694767,1487.291555577382,0.053069089009200654,1.1052081264288411,252.97481096973394,29.71784697279122
17.840998480099426,501.827012053038,0.4243070901622792,5.090530103160984,1.283818295670479e-11,7.244496972087777,260.5825317660525,0.2578081685965424,23051.300185027616,294.61596177477736,769.032777062938,14142.881034596,2218.4582525639107,0.061672958848045634,1.335610073397203,377.72692053933525,28.735342306152592
17.042331232608998,478.68249914416396,0.41927131248939187,5.303821623054738,1.68381214051876e-11,6.978363229173482,250.35430123021462,0.05894415211578172,23494.854089068504,301.1008548950696,239.61981452410586,14076.541849928311,1814.73675340611,0.060446442816673364,1.0441930196251141,316.5886122146237,29.21605386229663
17.872806859499118,501.9946854381169,0.40570901733255127,5.099683149261738,1.2221203373264567e-11,8.794317709955674,268.4046274181195,0.0896540669811892,23919.00708881954,298.57025891893477,250.07890006096278,14016.20399456031,1287.9064337253037,0.04903290757593936,0.9840354283767121,223.6982189774571,30.188146668450095
16.789170095172494,492.17879568509795,0.3856509774607968,5.402240889546247,1.3852017897089204e-11,7.627437909377415,247.21641064858426,0.0289473190616617,22145.744647034426,301.5757103971308,631.1448844904373,14204.845929965071,1925.3352337035992,0.0559594451055759,1.0568784889996214,334.4406870381266,28.822031387524163
17.02392826715961,551.7358543384282,0.35720525974022976,4.590710940649255,1.4777423249162564e-11,10.635308259927953,254.29283126141655,0.01778750169664398,23968.35826826465,302.5643086475636,247.6886555705747,14041.38548263493,1653.5312746041498,0.05716321492609028,0.9538937936120273,283.4481825791109,29.39597426540745
17.20642807097264,529.5904252782241,0.4128426183806093,4.467809903946348,1.8671215356662504e-11,7.972734453387385,253.6144775624609,0.08380246872827551,26234.56507622569,298.05003713297907,320.851210282388,13783.37237338612,1989.2764625086154,0.07472325185854674,1.219701534860292,337.6847737449664,29.079694942666933
16.710531413660995,480.51878990241596,0.38859452219137935,5.61544979251769,1.169869883474448e-11,6.169740053287356,243.36257017990926,0.06977951010681607,24004.913229832844,295.6527863232691,630.937774845212,14351.860333982448,1745.707575868808,0.05929749872473578,1.035563242637507,303.4348762251223,29.15409367812166
18.37235559017911,495.5982834754137,0.4538271553114308,5.407944956669503,1.5955516377501546e-11,7.213350820046575,279.37096431601765,0.5085024701611467,27425.875146851125,296.000809255211,313.33268321637786,13449.113878354088,1886.4485607413624,0.06866684829876621,1.145625915130291,323.2863072012701,28.92329486910256
16.964635433204286,481.10047878077836,0.4353063695338104,5.194303549872905,1.1933827453114815e-11,6.564687133887036,241.9743397363514,0.1017388275641566,23291.148591816378,300.9276470170268,639.2661611899639,14270.728657657133,1819.8408423810604,0.055211661857268286,1.313311452226333,311.12860707842526,29.477930707465458
17.90477398885358,503.8087956295122,0.38597123638197406,4.645334197848559,3.106709818513587e-11,7.798215055975142,263.63658234437077,0.12461172113253616,23140.824230729788,294.85642822080314,240.75693477248424,14051.845827685353,1531.4637886491892,0.057942640014151746,1.3017788896390847,262.27827987299486,29.858339551894147
17.31524612114732,510.75469946143875,0.3274913580377321,4.8914109491421875,1.738561610285093e-11,10.123926460326688,265.5958594042626,0.00019721239929726934,23356.22147063779,303.8477415112762,240.99420318689343,13993.625571630686,1452.4915324674682,0.04455378994586216,0.8377130669224249,255.01586514027073,29.69483812275983
17.399025486498903,553.670477405374,0.3911399386184886,4.768759715813031,1.7808748420507458e-11,9.30689632489795,259.7215378746384,0.12167337579847076,25835.3074063133,294.1428721736564,309.700838955722,14034.96684051251,2211.4151798070957,0.05824959622343816,1.2511296984226472,365.8419755612645,29.19086929846292
16.933888698675517,560.4566295183632,0.31466461332205675,5.071636351173657,1.1926929250762448e-11,14.075284652610524,257.9857301457397,0.008898222774510236,22852.392727063652,303.0251834177813,237.54747212930928,14248.890947888494,1496.6271731156737,0.05247420318808296,0.895326840205878,250.1384112836497,29.721107770436305
17.65586119547355,575.2111247744085,0.26607360218792486,4.804430842338844,3.524955476434377e-11,16.973591956186787,266.82591235144884,9.231887390258553e-05,23110.599274429747,303.2844995935592,274.38938859308365,14106.649836614622,2031.2604069438892,0.07766012406380829,1.1363779317114042,329.3519857842557,29.319047775222774
18.22957399507214,548.0098349281207,0.45608700763657417,5.183328180468,1.7891176646832788e-11,8.593276632612772,276.6564577945415,0.4654971208030371,28435.135801182936,302.43721360372496,177.5852028022978,13355.257350073432,2113.4686826538527,0.05707099429914036,1.3106395066729803,360.145201501632,29.08999035045919
17.600390095760904,509.3300114232749,0.4282092246047835,5.050741563412629,1.4097559151088368e-11,7.487641111124939,261.5182411005221,0.1784508946456517,25189.10332608159,298.38115847744336,253.04572031942936,13816.534117598074,1986.1082143608671,0.045547129916798525,0.9555616376911891,339.3618486740898,29.2068939719022
16.59541173468641,527.3003637752084,0.32734082594326175,4.716056040378439,1.2629879109023896e-11,11.933127613362938,245.88787828204772,0.00514488287098833,22648.53349749578,305.0839932058047,178.08442859964805,14233.609275068458,1238.3893403646132,0.053665626576450035,0.9061307736878179,207.89638237877995,30.344223279723995
16.794261407269914,495.1521618715219,0.4003804158145261,4.914371152242592,1.1609809303073873e-11,7.786348312448101,253.4892752938175,0.04165156775581264,22189.36051140323,301.27857617496056,156.36268831695776,14301.28112899474,1719.5810654299678,0.0474009565209244,0.9771534416704286,299.00200780329675,29.381229390255392
17.72822328761428,566.3310695312632,0.3897638003994288,5.046168945702044,1.4434349457445781e-11,10.493864728556945,268.73367352532784,0.09829930560799702,24066.03155769864,299.35049307868434,291.92138184973277,13855.726100518716,2260.73443870219,0.06592322178908999,1.199440636721417,370.82904017317895,29.144274322171434
17.790993720087553,520.153516218566,0.41168177669786665,4.919213937893409,1.6468658680639803e-11,9.020041033166136,268.6540353649631,0.11765087906596165,23507.945054248234,300.52271842065784,235.95634689903758,13957.828249859234,1404.8159912416013,0.044350936254118185,0.8180904193488148,238.0408177775181,30.322909030844976
17.797676106182198,575.0178411879484,0.3477860443933132,4.796100801983884,1.4700451246623974e-11,10.838781979437613,269.9717388802707,0.10633635691171188,25467.540845204323,293.88916239355274,244.37857493790887,13888.352014857457,1824.873831999294,0.06047313174063564,1.2350120452062097,309.1903047263601,29.286591980547325
17.12987086258084,464.9661245596446,0.3954581342074919,5.163524017395046,1.3781840719445709e-11,6.404627102759202,253.54650195290853,0.0773555385536099,23750.055069700757,297.89025789195546,246.435430614183,14207.852226387417,983.0626719362501,0.03655711953988957,0.8539710823108533,174.75825795810707,30.376408082751077
16.523444618641737,505.92588108403606,0.3712947125068595,5.338571017898477,1.8415360919671803e-11,9.50850022399238,238.6547692390509,0.010407108615314704,20829.51501866317,304.94572158950103,274.6896931135585,14437.001594394917,1809.142939586417,0.05726454175050754,1.1079467122940836,303.3774928616152,29.54572866651294
18.786092112101855,552.3402698405434,0.3585549564296544,5.042526962315823,1.6025190834640913e-11,10.026798972901638,276.1869276589978,0.17785350307574305,26154.85082105161,289.4575214939762,330.43190156066186,13769.414168319563,2362.112877151798,0.0748015637023175,1.465833485743096,391.02035159770924,28.59816557738921
18.389613114511437,533.0938323687684,0.4257913301648433,5.205635720985083,1.4320750212593559e-11,8.308660171882455,278.859525336733,0.5346212754401235,27231.575773988745,290.0028015900173,253.3077861772389,13613.572534537798,2057.101277216124,0.06540126285511005,1.2058473236954188,350.20075776822324,29.004453467337182
17.67266325315641,523.9446875318533,0.3482278087098205,5.615714678160994,1.0766892869739328e-11,9.305757639467682,260.19606670892927,0.0009846684635464273,22254.654125131437,297.91719359379226,188.20819497914937,14340.454295310983,1605.9450194544831,0.04261252695194351,1.0733099070500216,276.4040971136044,29.611692257321092
16.47652380667748,521.2052412286196,0.3599039150774983,4.947319647977443,1.519471933677205e-11,9.824952543860107,247.9115165503469,0.01126494561671828,22892.83654302976,306.4889522292591,180.45556209842042,14092.9386476105,1545.1742086055244,0.0444590616479986,0.8631853297671148,267.3428311905003,29.762614214143465
16.84504995705483,576.8166048635491,0.3290701277208452,4.725977650380626,3.038248566166795e-11,12.412921630417724,245.27058678708084,0.012130022850028123,23830.170681067586,301.8577681279958,192.66860999984422,13941.6466506569,1872.7881817278812,0.07071747408861072,1.1324667158958743,311.20462059677254,29.515604790050688
17.67715164952613,569.6360277784045,0.38304480747547665,5.113247784799598,1.2494143416020741e-11,10.282672397227264,263.5104292066708,0.1561453795232908,25368.066907527784,293.05121766715433,325.4698514649655,13833.861482759432,2351.4309759605594,0.059300805308998006,1.1211818491642775,384.87556860170554,29.149234326233117
17.02349097767073,486.20620633178845,0.4130099305335255,5.348978611101998,1.1436023167632209e-11,7.233421051113474,249.29004038227882,0.055317128343404104,22754.262187692926,300.1262384208025,168.47263609650318,14242.442935547597,1422.4275056875135,0.05298262162114202,0.9585103168066584,247.6118588163621,29.955907854687222
18.016934122340672,503.70036256446457,0.392756973664782,5.631741370890901,1.9049260669792083e-11,7.390593832320663,263.43779509027644,0.17082486866310814,23707.64726051442,294.71176752026355,247.43028544099522,14064.315136451612,1526.6330847749814,0.05976610723332734,1.2589550453032323,264.9570923787981,29.58832568244617
16.866969197542527,516.367368601002,0.3257674008093119,4.711193208597398,1.0744615551541088e-11,10.91838333032632,249.21984004559832,0.006597536228346912,20566.895485930516,303.51122382246257,642.278257055135,14525.27815646493,1258.4615239695238,0.0442025435859253,0.8377533464411477,212.7001085684384,30.28540675918053
16.95750355878415,515.1302991809515,0.4065241170087921,4.540879446068025,1.7632114693227605e-11,8.579342468862936,258.7973614088271,0.05721861470566813,22741.56368542405,303.96534585865976,630.968668651303,14239.611356414975,1665.6614993298674,0.06348393650245367,1.0526745333748118,281.62154859847135,29.77205414965314
17.961447819916046,576.6518962826256,0.3285795460226151,5.47661198104183,1.4281496048453961e-11,12.586471510004383,267.6819478783783,0.027205219027555676,25170.662232441453,297.4189106188796,267.591726436278,13859.976339543327,1643.8996668893737,0.06203778170400375,1.08459943167715,271.803654144695,29.734369769657075
17.568230430981146,568.4598554474868,0.4418231085554867,4.560802344246328,1.808090270895356e-11,9.651252964759955,268.0845591739785,0.23072318045396634,29785.76984629319,299.98961742649965,310.5845400185477,12998.761893797155,2642.0058614093405,0.09542094938520225,1.3246986363900528,436.2754306089981,28.41307968527545
18.087450520238086,521.4045278955667,0.3443903425648145,5.232020225860978,1.6215210877585436e-11,10.368509802976673,278.3201685387358,0.057197037156824525,23211.835882125208,297.2298756789524,788.5091862567712,14143.612042565584,1597.153631811108,0.051948948891764046,0.7953774980270099,272.35547185871025,29.64083865801584
18.34851059591134,563.2993476884785,0.41692281801125386,4.789758055719602,3.0522484762463405e-11,9.315215985669859,272.27261416097167,0.29003551936302424,26620.895126991825,295.4813427173137,267.1665319586963,13509.588914809528,1950.2924297854966,0.07004856109893669,1.217269685947681,330.9363297454898,29.223716464378974
18.049011332601093,473.2596453631373,0.4190056203337731,4.320769253049571,3.418283454604852e-11,6.7037511784828006,274.26000934429237,0.27929523291197333,24148.90120891085,295.19270692064845,188.7828328957199,13801.55861685758,1412.4316209389701,0.05146549628812041,1.0102383197260685,247.07868022978374,29.83369304757455
18.246520007080548,545.7560528384439,0.41446997981258527,4.979388216073836,1.3834101773827322e-11,8.329252047073638,277.09525043778706,0.40865064414330926,29290.70916962527,291.53885352594443,210.1383639621801,13237.951667037183,2096.89706812212,0.06871208983582994,1.3011928365712144,358.94323727459494,28.68895241420506
16.939437043701272,560.0306521805232,0.33052245958003024,4.485967698879351,3.296481965738473e-11,11.94395368828447,250.2830960627535,0.018265308313481717,22952.972906696323,300.2199648307287,279.85533483301197,14099.716840020028,1902.6418958602028,0.07544508562061772,1.130742355903987,314.9357652647647,29.417662563823463
17.218019592070778,516.3630341323344,0.46972560884276593,5.060265721457726,1.6139098543344033e-11,8.22278588670901,262.9664824784891,0.20938969147442146,28883.314427429363,303.52868757477165,257.57266079989967,13347.914778819335,2254.7974437290986,0.06998283845031028,1.0814571592174158,378.51094771346163,28.85935881406678
17.293506027459106,509.3462109114861,0.38573326534403485,4.643967478936247,2.947291489301594e-11,7.541389779931542,254.810509967479,0.06407209640270163,22943.145935895736,295.4970368155587,634.3075480984573,14211.992130971825,1395.179554037844,0.052388110083533425,0.9409170031632037,244.10558303751907,30.079222860956865
17.973436652123368,554.5520947606794,0.2810160613706456,5.834744296857521,1.8565878231105822e-11,15.225085520270895,269.0174496323048,0.006706890931586957,22082.57429837782,300.79837648756654,636.5495232148667,14380.057458374094,1223.1508577717352,0.047731194790656996,0.9475620172820916,200.06817639741857,30.226539399549267
17.20156412959913,534.145699720557,0.3168505309090408,5.32415372585987,3.079026242646758e-11,11.553046856928976,245.0558876434701,0.010941569827059626,21503.598923674243,301.2581934471287,191.51849536694147,14510.89291805607,1638.4506311231728,0.06742042518949444,1.2721133991498283,278.3457052101538,29.246442146920568
17.46820880162684,527.6319161388775,0.3360804962827162,5.508055107678114,1.2112780489738923e-11,9.876751724799167,260.60456191297305,0.03492096749120162,20418.77381886911,295.7470964160412,166.7473585108757,14742.233732262612,1680.6351149061377,0.03632688927891315,0.9850713539744935,285.1858740013544,29.65214847058071
16.64337204678518,549.3350775024551,0.35371838359147123,4.821214253097488,1.6907909868509556e-11,10.89438812452336,247.55846087664685,0.011484727852972094,24130.521855322702,306.1095428863894,186.28121254927507,13901.905561916014,2025.5052545334256,0.06646901213821163,0.9424861242284861,342.86838299598867,29.204319067798554
17.93924795045499,538.8148801574971,0.40936279205585,5.862380145236934,1.2228677039781001e-11,9.062576195476272,266.9277683599246,0.19342792885591548,27085.564134793745,296.4935849383418,321.31051516113524,13796.536441716695,1644.5096678535574,0.05974858489855292,1.0625099963093365,276.64102240940315,29.59482377899434
17.616293274480707,539.7827542293871,0.36460864531601356,4.9927243509989845,1.6945719895534732e-11,9.263126739805312,264.443402261394,0.07356736775243504,26006.69747187307,295.50214488470135,791.3249467536696,13762.922551348638,1973.433725292255,0.064284117341456,1.0777233371662223,329.61032744871034,29.372112428690595
17.689672385515998,524.7482116196514,0.4246252959274166,5.507535533644765,1.1921786924632817e-11,8.381187792584166,259.05868407451874,0.15525517798046615,24224.513169084446,299.449538986921,203.20665730585478,14082.841658019632,2225.9957089762543,0.06188533523641165,1.3011353095693625,378.0938698848277,28.814032761835033
17.321923868223468,483.8427494722795,0.4027827282830394,5.3247923958295305,1.1549609949328545e-11,6.994595045818917,259.26841970094415,0.0762914391822436,23899.59303863251,299.10160161126777,315.9523777161114,14152.566969478898,1520.49879318895,0.039667377428973,0.7768044346656442,260.9999383582074,30.0408384399828
18.28574047856928,474.3782173138733,0.4665975589227882,4.901159982302808,2.93799133017855e-11,7.903458663590124,270.3157245744521,0.35606189695121754,24824.07993791384,309.83464101291315,632.374839631785,13679.315601736653,1999.2195215092556,0.07263652300573178,1.5779156484337762,342.5539901271783,29.040474113967974
16.777662864652573,508.15570194288256,0.45758186218038066,4.945688358207532,1.1927202849394656e-11,8.22668983584733,241.33649811175712,0.07864965150054158,23924.787643646003,310.6700721083802,217.51415820591353,14117.787913301074,2202.823330323786,0.051945104640786985,1.2366856421733232,367.7346140566251,29.276910383404033
17.472641796823655,540.3810173079007,0.4043549740743897,5.0293266815359,1.8067126526583925e-11,8.64951057372326,265.1647996089831,0.07439798220074827,27219.357840916295,299.59990266232285,241.4545398942904,13520.23984194467,1537.8422576594999,0.06210356068457238,0.8500798148625359,265.8250230553904,29.76102445446522
17.65294605082333,596.8475434317434,0.38445143141255933,4.937431521020594,1.5383246698436325e-11,11.46291410201875,263.77470852871136,0.09195207904358214,26566.00937195107,295.7567515821297,330.8849811610125,13451.87175757891,2276.5726123118684,0.07312623676817501,1.17666972557821,371.264711035051,29.09125498412905
16.74828654020514,493.23318006281363,0.38510831161593284,4.716990452897851,1.400861959336173e-11,8.018292792670234,239.3445416316874,0.03486511882125652,20693.612397698627,301.70834976028357,274.4615269202405,14386.041073952247,2021.1576909134244,0.06581737990961972,1.2954966486735013,346.5490229404511,28.799425183857085
17.756181170357053,576.1308826000278,0.36889877335832644,4.725639941735157,1.760608433855766e-11,11.279998153164513,268.54140149330755,0.06479562034378959,25562.968088187306,297.4392849825307,325.74101219451865,13740.489602183246,2383.3140071207686,0.07229825737809369,1.1913287547121045,387.90796536469566,29.088320586349585
17.444549204270725,593.7399040271168,0.32482872454247946,4.773327241418286,2.933906100013633e-11,14.535564344856649,259.280093873439,0.016216261811367382,22689.189993906468,299.50962405493243,200.80082267998276,14056.917162888321,2335.563100668479,0.06902483408622734,1.1521551533895837,381.523059537129,28.882500814828187
17.76869051292798,522.9893358810752,0.3834866803224397,4.744955867461558,1.1718331106883557e-11,9.300527425481558,272.3190058160456,0.06835861588293463,23808.808519321457,297.97219733235016,248.26194368695224,13948.240793921394,1569.5334130610258,0.04000421596303583,0.7865351107543408,267.81323891559094,29.874148275187032
17.137410802053992,541.1071351885467,0.3507278225991932,5.074630543907542,1.4322305982476513e-11,11.13485728762404,255.4996324821286,0.014366391562205877,23115.098053693062,302.38546779213584,175.2985355021437,14163.096015707813,1845.9142539111767,0.049794208708004516,0.9746251767934986,311.9460315254691,29.315362733432117
17.09690938584962,577.3230255531823,0.3037261541337566,4.56237136196136,3.316867810502847e-11,13.464017282491877,254.9220438658891,0.00021679211444984735,23475.223942787645,301.89496943717967,282.17662283693124,14041.361736225825,1713.437763752532,0.06359302407017327,1.0522452739502592,279.2875120404803,29.969558156569217
18.02150137262727,517.5684909988893,0.4262506419619525,4.873658787647961,3.577931262159554e-11,7.8075761363816305,277.5968801640955,0.3086248769996572,27053.518303199922,295.82755914517793,270.38783762097995,13310.384754721055,2164.084318424524,0.07705071225126095,1.2691619180528957,369.0578201132182,28.723894152545807
17.671145551053915,569.25779893506,0.36169359213079666,4.3815255398038575,1.6424889227763343e-11,12.466085284200194,265.17564694802167,0.04202375416008735,22717.02410896204,301.184607482915,281.6364038803895,14011.230043168933,2351.9640496543025,0.06250663707652342,1.1463596852150082,382.1090896226639,28.9705444663388
17.616694756359372,558.984154090903,0.3917842291085085,5.05229354862693,2.0068555832059053e-11,9.357857054069198,261.22645639361195,0.13152047758361388,25940.900671257517,296.1876142869422,175.66819852839032,13861.40691967872,1916.4196734159407,0.07004433461554661,1.251311774320833,322.58144248357286,29.463925993630653
17.52608769822618,519.1064716653474,0.3841805604357287,5.105209125773528,1.144254385656295e-11,8.73441003956228,264.2326878290771,0.0915679591625897,24882.17406843067,298.0452161267904,643.9646527639244,14153.822991560282,1418.4454207173126,0.058841082013549366,1.1339721964084524,244.69509346632955,29.929790310454038
18.07400519007477,508.58646090092606,0.4327310396186741,5.499682967550123,1.1160652643878943e-11,7.9901785056317305,273.79518122437696,0.2816514550692309,24473.53092788502,299.8359978161533,638.9752284991176,14129.421450232725,2093.493008218401,0.04988534290010823,1.2777640285281044,352.4219501916262,29.028390235516472
16.898596089482506,500.4523116894831,0.3417818246918305,4.961243097280625,1.9082258898198516e-11,10.525110566531305,255.08623896610155,0.007843579732615529,22544.618954701647,305.92059487727596,623.0119411513585,14307.947751112404,1213.0805725767284,0.04427404720681207,0.7363611790296234,205.15583026468116,30.441344763118586
17.913354037509272,552.7533080005915,0.3795931020230183,4.858279361419719,2.8617577099819352e-11,10.603796403795652,270.6259592759293,0.09186952328645849,24535.771469409214,297.3486001717374,169.15087768740992,13864.050296693147,1294.902469344013,0.050752604172399976,0.7776995704031895,220.21132033872382,30.289117665602912
17.59983354760086,489.1543882940877,0.4371543249001819,4.617959130497358,3.6594635781220235e-11,6.583276340509576,266.8651739180481,0.31605331986968116,26395.398829872724,294.63445000650347,310.84342661814424,13588.324305477334,1946.1784835098915,0.0712916682634111,1.1028419973372503,333.5187184882409,29.011126504210758
18.689106953777408,537.2324657327522,0.36586619338540416,5.014959366818926,1.4381248132909624e-11,10.01867009421619,283.86880694940027,0.18484151988388808,24105.278212221932,293.2558769229519,197.37631799372173,13995.490634981632,1750.9322113543724,0.05128607535867798,1.054347456337123,302.1170657677752,29.280650487325964
17.259858317289186,635.0348663758363,0.2938512062300802,5.465410363978923,1.2921914405150493e-11,18.167008298062463,255.8362925424407,0.005346219083424375,23028.43335325417,303.2653816271723,657.3011725587419,14251.658985268303,2290.5577668144015,0.06511484007541243,1.1752157817012054,360.0596060403905,29.238061247751286
17.788683709409693,523.551127581377,0.43383502487256553,5.3407176687534985,1.524668105738835e-11,8.14549828002922,262.076810587371,0.30878757684734076,26396.102397156203,296.0028214228149,308.0290804955649,13698.68455101744,2155.149745108203,0.06668627353479574,1.1548469809664463,359.8334554434287,29.178245925660512
18.538642869754053,568.7223081898737,0.31064345540556815,5.174182804670078,3.384532025357155e-11,12.360310368656602,270.19114976783675,0.000644875110209008,22559.590942327755,297.813190317831,289.82987222496445,14110.663399450383,2524.0450164547683,0.08223478331634515,1.6124083517432366,414.82380150214055,28.760941493866092
17.79543517804001,504.2634056889663,0.34672845954358067,5.102868469925361,1.6667982461701794e-11,9.219015654322149,262.42619068896386,0.06118449774061719,21408.429801754934,295.74288084004985,248.38496548845447,14373.662921997631,1749.3805358933248,0.05283409378382968,1.1049148263338948,296.7797971493555,29.05095383477167
16.934389404854148,521.8804239839436,0.3772865563377499,4.703135398728397,1.5897275441288845e-11,9.290191851608858,253.75634915294728,0.03735701740634737,22350.044300308844,300.4491240075419,269.25679800656553,14197.089290972543,2096.159620637891,0.06605180634485164,1.1104139523830956,350.15866633686437,29.08603737800202
18.209895217720646,457.23996404983063,0.3907722069538053,4.758625616598231,1.906875265485204e-11,5.861027279423427,277.06079731086754,0.004021948046519092,23429.276021603415,295.03950921833786,766.0002269266093,14027.220548985504,1357.938310913847,0.04417535623569436,0.9927469284521275,242.8770166255011,29.686826011107033
16.982156707547492,524.0911251705929,0.3938328048453581,5.3666186454438805,1.3775943569474883e-11,7.7940215725584086,247.31972965303356,0.080654183041973,25397.642869911848,295.7006242812486,183.22964173632815,13988.9872288426,1969.7104188828607,0.06156493637069671,1.1317672141068336,340.37399041099593,29.050354937688827
17.775608604319608,478.85554379449474,0.4400019296825679,5.2187787787206315,1.2681177694882634e-11,6.443873802983138,258.2134342475623,0.27201439174774195,23001.158387698186,296.6083178668334,771.0063767557687,14179.922434476817,1804.8740230746123,0.05915243881798851,1.274989644667353,311.6732498936764,29.079965050670427
17.61627007063339,514.5279194127367,0.40079845178118756,5.635210577340141,1.8870482012187206e-11,8.219744771815169,262.9757462711344,0.13223785215226394,25049.392805855703,296.51631773677786,264.15483813827353,13964.801409847532,2000.189453443678,0.06800218628568461,1.245073542686365,336.9249006994723,28.934051412910964
17.165921021147557,487.846595944437,0.4231345254059322,4.575876279024264,2.86143859621693e-11,6.604557676824159,254.06109439249153,0.09913172424980748,24679.4301464611,298.4504534278795,212.3581054582952,13908.806420604946,1554.5888055729536,0.05439851351622345,1.1202422764307456,275.6212929184372,29.39738333046847
17.167328950404446,486.11963666731845,0.4917460339659758,4.7337821918093015,1.4653988855426818e-11,7.2944599223123205,256.61196822396755,0.18696392984004848,26622.836467730103,314.3611466117427,309.89407857215974,13453.265190924152,2295.7275599713485,0.06571090240615662,1.20077088449239,389.8973104490236,28.578843557065376
17.441943622387303,533.4985007336691,0.3081738561135632,4.632551154321306,3.152793295237854e-11,12.776929111948844,261.84646148545806,0.0064073101013829735,22065.56519174868,303.28935824616747,308.0463002634721,14018.527669995268,1565.0810357924802,0.07238417120224562,0.8014309669928881,258.6855777796191,29.973376101398383
17.19494621371573,536.7520463538588,0.33253981530617693,4.628662598366604,3.059204195543457e-11,11.221681005679244,255.9853283845442,0.015653003594264896,24636.889152370684,302.5943835129621,639.9650450857545,13930.500691322572,1256.6823273064413,0.06535881342292994,0.9310132226494283,207.46453648298902,30.495621224035254
17.45400176341112,527.6270742609502,0.32309548755984174,4.615288792841824,2.7439159767319788e-11,10.400421630494872,258.6672978244889,0.02192532558142828,21769.64435033093,297.36944771972,779.9757761095148,14208.70736301107,1321.7789227687451,0.0506629490956228,0.9460434106742084,222.2344939369432,29.89761200867657
16.981680428192526,542.2415938143387,0.31879308465700085,4.557634704511582,1.670246447921616e-11,12.008546380393998,248.40304564345558,0.005669716328397169,21284.249979220745,302.3082818990881,252.99118591379568,14347.979415185022,1986.3105514973106,0.06171832352407882,1.109037667023669,338.0920272993593,28.876923655552147
16.82458974236077,549.3650878791169,0.3026441401478017,5.078305908025309,3.26114198814628e-11,12.454215492573686,245.38138047294015,0.005171492253882555,22127.809629611274,301.8784801245408,178.8669017181808,14191.767282848325,1892.9149946445357,0.06972416956408288,1.1234900564134844,319.06645810740827,29.118116618903283
16.701446658194357,568.4641458237109,0.35038887631870175,4.8690490414401495,1.9836470180743892e-11,11.605187171165904,245.23036019066944,0.01497489596802398,24803.529110648913,300.55326466702337,307.660834861829,13813.968094350874,2289.377325060638,0.08783853339863716,1.2562850945478958,372.2651310675783,29.08677387133606
17.537777339695406,566.885045488486,0.3198696506369094,4.807079495542689,1.8919208327978566e-11,13.104548615595162,260.0916612540186,0.014402005997318409,25722.667716182495,299.1101749975595,194.39502334312854,13784.74556412058,1487.8915773837493,0.06875618891468038,1.208007468340836,247.00962083210214,29.939765245815202
16.32640289870701,573.7813390846907,0.3577917626749185,4.821649363549034,1.4384936984475065e-11,13.78797813883978,242.10656254194436,0.005859159813262377,22098.788492064035,308.9190107767759,191.6875429553883,14167.64673472632,2050.6586463279295,0.06076722658880485,1.010091847755858,331.27604694072716,29.532891894618594
17.711178098761433,536.1234560253445,0.4105640486440967,5.077898054374456,1.4963077456220964e-11,8.558398110426705,269.6246857848809,0.22214110212745825,26575.018313503802,294.1772469169358,767.2584201831447,13646.156528438356,1846.1318839023866,0.05826318719941618,1.0151967163373872,312.2334791507402,29.415307902164162
17.581685093343275,467.3445588967265,0.40012147153215594,4.865031753604048,1.412377336030086e-11,6.452707880333357,261.7221100645206,0.10847914580614165,23263.428592903067,295.4495881319606,262.23162787852726,14225.45570819447,977.3141712179522,0.03350878190158505,0.8392425252619888,174.11624297041,30.84460022850984
17.80795713614968,520.55300913559,0.39569350315256546,5.059631447620822,1.3673460651527856e-11,8.01744886414234,270.64392587528744,0.1388550289923358,24645.151817286198,296.0553120357821,636.7885733752133,13945.22877400929,1651.8869382305068,0.05171001192293071,0.9496080056149296,287.97878786329863,29.607330619082738
18.048878818835522,552.6919418610375,0.3135628852847816,5.479859140256413,1.2943331335354733e-11,12.574072968662561,261.4606760000292,0.01827954476713068,21288.297208081305,297.00632452293354,261.4993143395421,14659.91797768916,1818.488196063579,0.05666683304331323,1.288471815510827,309.19421737869624,28.983853245697205
17.173411109743583,539.4666720629716,0.407973384804464,5.2077378204146925,1.1809494210155094e-11,8.26047660117119,252.20494004818127,0.11758908952914415,24605.95947249556,295.3353300757644,678.7113140174413,14227.709603460518,2541.728447877512,0.07321017343682432,1.4776132160194018,427.21930924774756,28.44190243262091
16.767867225836326,560.6246550406286,0.3497791105747572,4.766479480542502,1.547132258976855e-11,10.590723233521864,244.73795658235053,0.00039479937366135667,23800.846232619537,302.7321110291268,211.2963685912399,14161.219729303932,2423.397198962601,0.07381519331959877,1.3602295469598578,403.0669188741454,28.88200558689275
17.60576757036594,498.7394976799266,0.4169471215803995,5.242206892448671,1.8395836113365248e-11,6.993904699961577,256.491104472759,0.21971601707451552,24204.907730883235,293.9614097976768,176.2172078530892,14221.522287005831,1946.3529655997593,0.05539262351035495,1.2852274339365035,335.55556867990407,29.197737170261508
17.817860386557886,545.980713381441,0.39074376189049165,5.014199914918721,1.2015566826215529e-11,9.324075376722933,268.2377780739822,0.13364202220250967,25580.308634492318,295.60782596855466,790.7094879412549,13875.100688427741,2181.3460269719967,0.06989549378757766,1.0609999333781135,365.5312220766906,28.88161679906552
18.65818692288974,551.748501238611,0.3901277105583487,5.157657291216251,1.2240439801469615e-11,9.819680945161345,278.0134959963166,0.26847412487960587,25140.572162000866,292.3828695804756,224.6567062854418,13933.13575906457,2191.2455399123664,0.056420836051598706,1.4450095028804317,369.9823683293679,28.832158655912103
17.59283536396385,576.6685957114553,0.33176068125982283,5.58407336252076,1.6860434324760762e-11,11.558214292758494,255.93269203847535,0.0006462760076114301,25287.440067117288,298.9454314210913,282.04302346510997,14016.648766189766,2555.8838277106042,0.07959399820469276,1.5694922944840508,414.29371037012953,28.817430847881116
17.54401483818819,517.3627237743747,0.3925362190776749,4.609230872215252,2.8854248314214982e-11,8.228441024053833,265.97106809029566,0.12133205372007158,24182.401078104547,297.4473549841441,251.33941233235038,13826.61560156606,1279.4661116208415,0.05068508256239024,0.7441233432504768,221.14575866045556,30.402975702665152
16.72650036554712,585.4322988949697,0.32453275008514826,4.481279348974036,2.11560725854601e-11,14.718705841922826,248.3051447866756,0.00774072697209427,23887.329721824903,305.7257022046308,190.7483026287653,13923.147754428872,1745.9463950694833,0.07555105278170746,1.1420678844110697,283.85413193477854,29.796729602464314
17.245671436148637,471.55557859382714,0.43593973050957135,4.93625724468047,1.288202469157675e-11,5.577987368710891,250.05394346826156,0.14395273946261444,22842.333442344898,298.83042096618163,270.6561480592578,14287.901083649353,1832.0242302525764,0.05669902020646601,1.310178637912101,324.71751175959724,28.671296400395107
17.14029006593159,517.375751883379,0.36665013613053876,4.92097799651374,2.817475233864355e-11,9.349672995586849,256.9458853216365,0.04671447351609033,23314.7040226724,299.5973918983247,637.4221038135973,14221.544246801353,1709.8326164476991,0.07044238327529029,1.0697454735390315,290.4740910406339,29.23578411263755
18.201736924405875,560.6818865777218,0.3465425521926111,4.726585937854327,1.3170935678543362e-11,11.428215522726148,272.66395177127515,0.06182623705215456,23987.65892028563,295.90855188151045,635.5479683641933,14047.842481728354,1651.5617171342476,0.062496406143939136,1.2372621388832354,271.7445687521734,30.00006043923526
18.66695860752657,541.2632049778772,0.3641170031703691,5.220603289290709,1.3206247887632925e-11,10.104367858226292,277.3730397163317,0.1294564071717106,24556.655474262716,292.19357126108065,254.5249914133536,14053.836886129446,1505.3718905941264,0.04601234670161319,1.2073724719192909,255.5696827648231,29.763332966237208
17.69294864727981,547.0164759293539,0.31325887750035,4.577552920786458,1.4892317694971902e-11,13.594941461372368,265.81044843542253,0.01611510679280085,22238.858689510453,301.8254949897052,267.9875002660698,14098.126480553527,1547.5621574125482,0.061862524955850345,1.006920560956047,256.57342478099906,29.860950126712197
16.937656015909578,537.9544908404819,0.4459688317614132,5.2238272067466625,1.6073461550921032e-11,8.019595724187809,249.07443375739365,0.11349743547081396,25517.544259562597,302.19604887253195,267.72412155330903,13919.994392171191,2525.7987162711734,0.07323375551319967,1.308255075766989,428.8090211538621,28.25297418848265
16.374462912589458,532.6976978171532,0.4030790125537438,5.066034040770062,1.3516946747470177e-11,8.832702019976066,242.36043595487035,0.03383076408500707,24893.409183918495,303.8796681319662,185.86075360850958,13945.264776195709,2100.8800714166423,0.07137664682550933,1.1592393090972568,354.9263701578437,28.945236772500703
17.475956766455912,575.3624778639268,0.3302592624974219,4.570005466872758,1.6724901584178905e-11,12.897266800401328,255.6949823322309,0.01658492902459367,24100.262551370695,298.8809414076398,264.0688191658731,14032.728216418947,2029.8352425174646,0.07641566591399047,1.3096419855337589,333.822038911102,29.15706153533864
